<?xml version="1.0" encoding="UTF-8"?>
<!DOCTYPE suite SYSTEM "https://testng.org/testng-1.0.dtd">
<suite name="Swag Automation">
  <test thread-count="5" name="Swag Smoke">
  <parameter name="browser" value="chrome"/>
  <groups>
  <run>
  <include name="smoke"></include>
  </run>
  </groups>
    <classes>
      <class name="testCases.LoginTest"/>
       <class name="testCases.CheckoutTest"/>
      <class name="testCases.OrderConformationTest"/>
      <class name="testCases.ProductTest"/>
      <class name="testCases.AddToCartTest"/> 
    </classes>
  </test> <!-- Test -->
</suite> <!-- Suite -->
